Variant,Kd,Fmax,Success,LL,Rijk,Concentrations,sorted fractions,ER,Avg_counts,X^2_red_min,95% CI low,95% CI high,n,dg,Ab
4A8>VH:A9A-GCC;V20V-GTG;T98T-ACA;Q120K-AAA|4A8>VL:A85A-GCT;E86E-GAA;T94M-ATG;P100P-CCT;K108K-AAG;V109L-CTG;D110E-GAG,176.46,13082.76,True,5.57,"[18.0, 61.0, 37.0, 30.0, 38.0, 25.0, 50.0, 32.0, 42.0]","[500.0, 2000.0, 50.0, 2.5, 10.0, 5.0, 1000.0, 100.0, 250.0]","[0.19, 0.18, 0.19, 0.19, 0.25, 0.2, 0.17, 0.18, 0.17]","[-2.94, -1.77, -2.17, -2.96, -2.41, -2.89, -2.2, -2.52, -2.24]",37.0,0.7957,172.1,187.1,9,-5.323,4A8
4A8>VH:A9A-GCC;V20V-GTG;T98T-ACA;Q120K-AAA|4A8>VL:S7T-ACT;A85A-GCT;E86E-GAA;T94M-ATG;P100P-CCT;V109L-CTG;D110E-GAG,160.43,9604.09,True,26.99,"[253.0, 121.0, 158.0, 111.0, 157.0, 180.0, 148.0, 208.0, 179.0]","[50.0, 250.0, 5.0, 10.0, 1000.0, 2000.0, 2.5, 100.0, 500.0]","[0.39, 0.33, 0.4, 0.47, 0.34, 0.35, 0.39, 0.35, 0.38]","[-0.05, -1.18, -0.86, -1.34, -0.98, -0.79, -1.16, -0.55, -0.85]",168.33,3.8557,157.4,170.78,9,-5.382,4A8
4A8>VH:A9A-GCC;V20V-GTG;T98T-ACA|4A8>VL:A85A-GCT;E86E-GAA;T94M-ATG;P100P-CCT;V109L-CTG,171.97,15562.64,True,7.02,"[32.0, 61.0, 41.0, 31.0, 43.0, 28.0, 67.0, 25.0, 61.0]","[500.0, 2000.0, 50.0, 2.5, 10.0, 5.0, 1000.0, 100.0, 250.0]","[0.19, 0.18, 0.19, 0.19, 0.25, 0.2, 0.17, 0.18, 0.17]","[-1.83, -1.5, -1.74, -2.64, -1.95, -2.45, -1.51, -2.6, -1.43]",43.22,1.0029,169.18,181.72,9,-5.339,4A8
4A8>VH:D52N-AAT;M59I-ATC|4A8>VL:T94M-ATG,75.41,21911.19,True,10.56,"[131.0, 198.0, 192.0, 241.0, 226.0, 217.0, 248.0, 259.0, 261.0]","[500.0, 2000.0, 50.0, 2.5, 10.0, 5.0, 1000.0, 100.0, 250.0]","[0.19, 0.18, 0.19, 0.19, 0.25, 0.2, 0.17, 0.18, 0.17]","[-0.4, -0.4, -0.11, -0.28, -0.16, -0.1, -0.21, 0.18, 0.07]",219.22,1.5086,72.04,78.76,9,-5.847,4A8
4A8>VH:G49G-GGG;Q120K-AAA|4A8>VL:S7T-ACT;T94M-ATG;V109L-CTG,206.52,8094.02,True,24.06,"[173.0, 173.0, 195.0, 184.0, 205.0, 154.0, 165.0, 207.0, 224.0]","[50.0, 250.0, 5.0, 10.0, 1000.0, 2000.0, 2.5, 100.0, 500.0]","[0.39, 0.33, 0.4, 0.47, 0.34, 0.35, 0.39, 0.35, 0.38]","[-1.37, -1.43, -1.32, -1.38, -1.37, -1.78, -1.77, -1.33, -1.3]",186.67,3.4371,200.71,219.54,9,-5.227,4A8
4A8>VH:M59I-ATC;Q120K-AAA;S128P-CCA|4A8>VL:WT,75.26,14970.38,True,9.05,"[20.0, 58.0, 32.0, 78.0, 65.0, 65.0, 55.0, 51.0, 66.0]","[500.0, 2000.0, 50.0, 2.5, 10.0, 5.0, 1000.0, 100.0, 250.0]","[0.19, 0.18, 0.19, 0.19, 0.25, 0.2, 0.17, 0.18, 0.17]","[-1.91, -0.97, -1.5, -0.7, -0.75, -0.63, -1.19, -0.97, -0.71]",54.44,1.2929,42.36,138.52,9,-5.848,4A8
4A8>VH:M59I-ATC;Q120K-AAA|4A8>VL:D110E-GAG,58.48,19307.46,True,23.44,"[493.0, 445.0, 631.0, 861.0, 825.0, 716.0, 555.0, 744.0, 677.0]","[500.0, 2000.0, 50.0, 2.5, 10.0, 5.0, 1000.0, 100.0, 250.0]","[0.19, 0.18, 0.19, 0.19, 0.25, 0.2, 0.17, 0.18, 0.17]","[-0.14, -0.88, -0.05, -0.09, 0.06, -0.03, -0.7, 0.05, -0.21]",660.78,3.3486,38.65,89.27,9,-6.004,4A8
4A8>VH:M59I-ATC;Q120K-AAA|4A8>VL:S7T-ACT,56.98,16340.02,True,23.81,"[822.0, 1157.0, 1554.0, 1935.0, 2062.0, 1648.0, 1282.0, 1523.0, 1437.0]","[500.0, 2000.0, 50.0, 2.5, 10.0, 5.0, 1000.0, 100.0, 250.0]","[0.19, 0.18, 0.19, 0.19, 0.25, 0.2, 0.17, 0.18, 0.17]","[-0.93, -1.03, -0.28, -0.45, -0.15, -0.35, -1.02, -0.45, -0.65]",1491.11,3.4014,36.07,90.55,9,-6.02,4A8
4A8>VH:M59I-ATC;Q120K-AAA|4A8>VL:S7T-ACT;D110E-GAG,59.7,19728.72,True,22.75,"[508.0, 464.0, 629.0, 867.0, 791.0, 677.0, 576.0, 635.0, 667.0]","[500.0, 2000.0, 50.0, 2.5, 10.0, 5.0, 1000.0, 100.0, 250.0]","[0.19, 0.18, 0.19, 0.19, 0.25, 0.2, 0.17, 0.18, 0.17]","[-0.03, -0.75, 0.01, -0.01, 0.07, -0.04, -0.58, -0.11, -0.16]",646.0,3.25,39.51,91.18,9,-5.991,4A8
4A8>VH:M59I-ATC;Q120K-AAA|4A8>VL:S7T-ACT;T94M-ATG,108.2,18975.94,True,14.41,"[260.0, 336.0, 265.0, 268.0, 327.0, 248.0, 367.0, 305.0, 416.0]","[500.0, 2000.0, 50.0, 2.5, 10.0, 5.0, 1000.0, 100.0, 250.0]","[0.19, 0.18, 0.19, 0.19, 0.25, 0.2, 0.17, 0.18, 0.17]","[-0.64, -0.87, -0.88, -1.35, -0.85, -1.14, -0.88, -0.82, -0.49]",310.22,2.0586,101.62,120.05,9,-5.625,4A8
4A8>VH:M59I-ATC;Q120K-AAA|4A8>VL:S7T-ACT;T94M-ATG;D110E-GAG,107.91,21121.23,True,14.03,"[87.0, 97.0, 54.0, 90.0, 76.0, 80.0, 113.0, 95.0, 85.0]","[500.0, 2000.0, 50.0, 2.5, 10.0, 5.0, 1000.0, 100.0, 250.0]","[0.19, 0.18, 0.19, 0.19, 0.25, 0.2, 0.17, 0.18, 0.17]","[-0.03, -0.46, -0.98, -0.73, -0.77, -0.57, -0.39, -0.31, -0.59]",86.33,2.0043,45.98,114.69,9,-5.626,4A8
4A8>VH:M59I-ATC;Q120K-AAA|4A8>VL:S7T-ACT;T94M-ATG;V109L-CTG,84.82,19853.65,True,27.34,"[888.0, 1181.0, 1018.0, 1087.0, 1320.0, 1030.0, 1247.0, 1142.0, 1232.0]","[500.0, 2000.0, 50.0, 2.5, 10.0, 5.0, 1000.0, 100.0, 250.0]","[0.19, 0.18, 0.19, 0.19, 0.25, 0.2, 0.17, 0.18, 0.17]","[-0.36, -0.55, -0.43, -0.83, -0.34, -0.58, -0.61, -0.41, -0.42]",1127.22,3.9057,51.4,146.05,9,-5.775,4A8
4A8>VH:M59I-ATC;Q120K-AAA|4A8>VL:S7T-ACT;V109L-CTG,71.32,19109.9,True,25.73,"[258.0, 280.0, 264.0, 343.0, 407.0, 348.0, 276.0, 351.0, 333.0]","[500.0, 2000.0, 50.0, 2.5, 10.0, 5.0, 1000.0, 100.0, 250.0]","[0.19, 0.18, 0.19, 0.19, 0.25, 0.2, 0.17, 0.18, 0.17]","[-0.21, -0.69, -0.45, -0.56, -0.1, -0.21, -0.85, -0.18, -0.37]",317.78,3.6757,42.17,124.65,9,-5.881,4A8
4A8>VH:M59I-ATC;Q120K-AAA|4A8>VL:S7T-ACT;V109L-CTG;D110E-GAG,61.27,21155.2,True,26.13,"[763.0, 1038.0, 1085.0, 1374.0, 1329.0, 1258.0, 1125.0, 1140.0, 1106.0]","[500.0, 2000.0, 50.0, 2.5, 10.0, 5.0, 1000.0, 100.0, 250.0]","[0.19, 0.18, 0.19, 0.19, 0.25, 0.2, 0.17, 0.18, 0.17]","[-0.12, -0.28, 0.12, -0.03, 0.13, 0.17, -0.3, 0.05, -0.12]",1135.33,3.7329,40.9,92.96,9,-5.975,4A8
4A8>VH:M59I-ATC;Q120K-AAA|4A8>VL:T94M-ATG,95.23,19760.84,True,20.49,"[858.0, 1171.0, 968.0, 987.0, 1210.0, 932.0, 1250.0, 1110.0, 1400.0]","[500.0, 2000.0, 50.0, 2.5, 10.0, 5.0, 1000.0, 100.0, 250.0]","[0.19, 0.18, 0.19, 0.19, 0.25, 0.2, 0.17, 0.18, 0.17]","[-0.51, -0.66, -0.61, -1.07, -0.56, -0.82, -0.71, -0.55, -0.33]",1098.44,2.9271,60.19,156.86,9,-5.703,4A8
4A8>VH:M59I-ATC;Q120K-AAA|4A8>VL:T94M-ATG;D110E-GAG,120.53,18960.59,True,11.47,"[175.0, 221.0, 125.0, 186.0, 159.0, 167.0, 255.0, 214.0, 212.0]","[500.0, 2000.0, 50.0, 2.5, 10.0, 5.0, 1000.0, 100.0, 250.0]","[0.19, 0.18, 0.19, 0.19, 0.25, 0.2, 0.17, 0.18, 0.17]","[-0.59, -0.85, -1.35, -1.26, -1.28, -1.09, -0.79, -0.71, -0.84]",190.44,1.6386,75.29,203.27,9,-5.558,4A8
4A8>VH:M59I-ATC;Q120K-AAA|4A8>VL:V109L-CTG,61.61,18008.18,True,14.7,"[511.0, 646.0, 845.0, 1053.0, 994.0, 983.0, 709.0, 948.0, 965.0]","[500.0, 2000.0, 50.0, 2.5, 10.0, 5.0, 1000.0, 100.0, 250.0]","[0.19, 0.18, 0.19, 0.19, 0.25, 0.2, 0.17, 0.18, 0.17]","[-0.66, -0.92, -0.2, -0.38, -0.25, -0.15, -0.93, -0.18, -0.27]",850.44,2.1,43.79,87.2,9,-5.972,4A8
4A8>VH:M59I-ATC;Q120K-AAA|4A8>VL:V109L-CTG;D110E-GAG,60.86,20126.34,True,18.08,"[273.0, 358.0, 388.0, 567.0, 496.0, 461.0, 459.0, 454.0, 398.0]","[500.0, 2000.0, 50.0, 2.5, 10.0, 5.0, 1000.0, 100.0, 250.0]","[0.19, 0.18, 0.19, 0.19, 0.25, 0.2, 0.17, 0.18, 0.17]","[-0.28, -0.49, -0.04, 0.02, 0.04, 0.05, -0.27, 0.04, -0.26]",428.22,2.5829,40.98,91.69,9,-5.979,4A8
4A8>VH:M59I-ATC;Q120K-AAA|4A8>VL:WT,62.72,17342.57,True,18.36,"[768.0, 773.0, 1064.0, 1496.0, 1403.0, 1245.0, 1065.0, 1212.0, 1267.0]","[500.0, 2000.0, 50.0, 2.5, 10.0, 5.0, 1000.0, 100.0, 250.0]","[0.19, 0.18, 0.19, 0.19, 0.25, 0.2, 0.17, 0.18, 0.17]","[-0.6, -1.19, -0.4, -0.4, -0.28, -0.33, -0.87, -0.35, -0.41]",1143.67,2.6229,42.02,94.32,9,-5.961,4A8
4A8>VH:M59I-ATC|4A8>VL:S7T-ACT,57.38,18099.41,True,20.64,"[1633.0, 1965.0, 2560.0, 3373.0, 3225.0, 3007.0, 2138.0, 2748.0, 2771.0]","[500.0, 2000.0, 50.0, 2.5, 10.0, 5.0, 1000.0, 100.0, 250.0]","[0.19, 0.18, 0.19, 0.19, 0.25, 0.2, 0.17, 0.18, 0.17]","[-0.52, -0.85, -0.14, -0.23, -0.08, -0.07, -0.87, -0.18, -0.28]",2602.22,2.9486,39.43,83.78,9,-6.015,4A8
4A8>VH:M59I-ATC|4A8>VL:S7T-ACT;D110E-GAG,58.45,22425.85,True,15.16,"[836.0, 1010.0, 1232.0, 1719.0, 1354.0, 1244.0, 1166.0, 1216.0, 1314.0]","[500.0, 2000.0, 50.0, 2.5, 10.0, 5.0, 1000.0, 100.0, 250.0]","[0.19, 0.18, 0.19, 0.19, 0.25, 0.2, 0.17, 0.18, 0.17]","[0.05, -0.27, 0.34, 0.33, 0.2, 0.2, -0.21, 0.18, 0.18]",1232.33,2.1657,43.89,78.22,9,-6.004,4A8
4A8>VH:M59I-ATC|4A8>VL:S7T-ACT;T94M-ATG,102.19,21123.8,True,14.75,"[437.0, 619.0, 498.0, 508.0, 513.0, 448.0, 709.0, 574.0, 647.0]","[500.0, 2000.0, 50.0, 2.5, 10.0, 5.0, 1000.0, 100.0, 250.0]","[0.19, 0.18, 0.19, 0.19, 0.25, 0.2, 0.17, 0.18, 0.17]","[-0.39, -0.49, -0.47, -0.93, -0.71, -0.78, -0.43, -0.41, -0.35]",550.33,2.1071,69.03,156.32,9,-5.66,4A8
4A8>VH:M59I-ATC|4A8>VL:S7T-ACT;V109L-CTG,55.64,20394.68,True,13.96,"[451.0, 573.0, 667.0, 1066.0, 842.0, 843.0, 723.0, 723.0, 800.0]","[500.0, 2000.0, 50.0, 2.5, 10.0, 5.0, 1000.0, 100.0, 250.0]","[0.19, 0.18, 0.19, 0.19, 0.25, 0.2, 0.17, 0.18, 0.17]","[-0.25, -0.5, 0.05, 0.23, 0.11, 0.23, -0.31, 0.02, 0.05]",743.11,1.9943,40.7,76.38,9,-6.034,4A8
4A8>VH:M59I-ATC|4A8>VL:S7T-ACT;V109L-CTG;D110E-GAG,56.8,23112.71,True,15.37,"[459.0, 634.0, 750.0, 922.0, 781.0, 803.0, 683.0, 696.0, 712.0]","[500.0, 2000.0, 50.0, 2.5, 10.0, 5.0, 1000.0, 100.0, 250.0]","[0.19, 0.18, 0.19, 0.19, 0.25, 0.2, 0.17, 0.18, 0.17]","[0.06, -0.07, 0.5, 0.31, 0.28, 0.44, -0.11, 0.25, 0.16]",715.56,2.1957,41.74,77.84,9,-6.022,4A8
4A8>VH:M59I-ATC|4A8>VL:T94M-ATG;D110E-GAG,265.71,24869.62,True,80.75,"[205.0, 228.0, 175.0, 179.0, 226.0, 181.0, 241.0, 251.0, 225.0]","[500.0, 2000.0, 50.0, 2.5, 10.0, 5.0, 1000.0, 100.0, 250.0]","[0.19, 0.18, 0.19, 0.19, 0.25, 0.2, 0.17, 0.18, 0.17]","[-0.05, -0.49, -0.54, -1.0, -0.45, -0.65, -0.55, -0.16, -0.44]",212.33,11.5357,264.47,280.96,9,-5.071,4A8
4A8>VH:M59I-ATC|4A8>VL:T94M-ATG;V109L-CTG,89.19,18758.91,True,11.49,"[107.0, 114.0, 129.0, 138.0, 144.0, 122.0, 145.0, 183.0, 188.0]","[500.0, 2000.0, 50.0, 2.5, 10.0, 5.0, 1000.0, 100.0, 250.0]","[0.19, 0.18, 0.19, 0.19, 0.25, 0.2, 0.17, 0.18, 0.17]","[-0.6, -1.1, -0.6, -0.99, -0.72, -0.84, -0.9, -0.23, -0.31]",141.11,1.6414,43.96,98.92,9,-5.744,4A8
4A8>VH:M59I-ATC|4A8>VL:WT,58.32,16815.61,True,20.54,"[937.0, 1160.0, 1603.0, 2024.0, 2050.0, 1838.0, 1390.0, 1663.0, 1626.0]","[500.0, 2000.0, 50.0, 2.5, 10.0, 5.0, 1000.0, 100.0, 250.0]","[0.19, 0.18, 0.19, 0.19, 0.25, 0.2, 0.17, 0.18, 0.17]","[-0.79, -1.08, -0.28, -0.44, -0.2, -0.25, -0.96, -0.37, -0.52]",1587.89,2.9343,38.52,88.73,9,-6.005,4A8
4A8>VH:Q120K-AAA|4A8>VL:D110E-GAG,66.99,16085.35,True,12.95,"[92.0, 151.0, 129.0, 240.0, 197.0, 148.0, 164.0, 152.0, 132.0]","[500.0, 2000.0, 50.0, 2.5, 10.0, 5.0, 1000.0, 100.0, 250.0]","[0.19, 0.18, 0.19, 0.19, 0.25, 0.2, 0.17, 0.18, 0.17]","[-0.97, -0.85, -0.75, -0.34, -0.42, -0.71, -0.87, -0.65, -0.98]",156.11,1.85,41.39,111.73,9,-5.92,4A8
4A8>VH:Q120K-AAA|4A8>VL:S7T-ACT,67.67,5721.25,True,132.82,"[6397.0, 6051.0, 5867.0, 6386.0, 4844.0, 5616.0, 5925.0, 7773.0, 8567.0]","[50.0, 250.0, 5.0, 10.0, 1000.0, 2000.0, 2.5, 100.0, 500.0]","[0.39, 0.33, 0.4, 0.47, 0.34, 0.35, 0.39, 0.35, 0.38]","[-0.66, -0.81, -0.91, -0.76, -1.31, -1.1, -1.11, -0.6, -0.54]",6380.67,18.9743,67.39,70.58,9,-5.914,4A8
4A8>VH:Q120K-AAA|4A8>VL:S7T-ACT;A85A-GCT;E86E-GAA;T94M-ATG;P100P-CCT,289.46,13426.45,True,3.84,"[22.0, 59.0, 11.0, 25.0, 35.0, 19.0, 49.0, 32.0, 31.0]","[500.0, 2000.0, 50.0, 2.5, 10.0, 5.0, 1000.0, 100.0, 250.0]","[0.19, 0.18, 0.19, 0.19, 0.25, 0.2, 0.17, 0.18, 0.17]","[-2.89, -2.07, -4.16, -3.47, -2.77, -3.53, -2.48, -2.76, -2.93]",31.44,0.5486,287.82,310.49,9,-5.019,4A8
4A8>VH:Q120K-AAA|4A8>VL:S7T-ACT;T94M-ATG,228.67,9531.66,True,54.02,"[1911.0, 2157.0, 1722.0, 2205.0, 1745.0, 2216.0, 1512.0, 2303.0, 3368.0]","[50.0, 250.0, 5.0, 10.0, 1000.0, 2000.0, 2.5, 100.0, 500.0]","[0.39, 0.33, 0.4, 0.47, 0.34, 0.35, 0.39, 0.35, 0.38]","[-1.25, -1.14, -1.52, -1.14, -1.62, -1.28, -1.92, -1.19, -0.73]",2126.56,7.7171,224.2,242.1,9,-5.164,4A8
4A8>VH:Q120K-AAA|4A8>VL:S7T-ACT;T94M-ATG;D110E-GAG,305.42,12623.3,True,2.59,"[79.0, 139.0, 64.0, 62.0, 51.0, 37.0, 132.0, 66.0, 92.0]","[500.0, 2000.0, 50.0, 2.5, 10.0, 5.0, 1000.0, 100.0, 250.0]","[0.19, 0.18, 0.19, 0.19, 0.25, 0.2, 0.17, 0.18, 0.17]","[-2.73, -2.51, -3.3, -3.84, -3.91, -4.25, -2.73, -3.4, -3.04]",80.22,0.37,300.87,325.51,9,-4.986,4A8
4A8>VH:Q120K-AAA|4A8>VL:S7T-ACT;T94M-ATG;V109L-CTG;D110E-GAG,215.06,12624.32,True,3.86,"[61.0, 86.0, 52.0, 46.0, 49.0, 31.0, 60.0, 41.0, 77.0]","[500.0, 2000.0, 50.0, 2.5, 10.0, 5.0, 1000.0, 100.0, 250.0]","[0.19, 0.18, 0.19, 0.19, 0.25, 0.2, 0.17, 0.18, 0.17]","[-2.2, -2.3, -2.7, -3.37, -3.06, -3.61, -2.96, -3.18, -2.39]",55.89,0.5514,42.93,622.11,9,-5.202,4A8
4A8>VH:Q120K-AAA|4A8>VL:S7T-ACT;V109L-CTG,68.06,15401.08,True,14.87,"[203.0, 254.0, 401.0, 415.0, 466.0, 386.0, 309.0, 376.0, 423.0]","[500.0, 2000.0, 50.0, 2.5, 10.0, 5.0, 1000.0, 100.0, 250.0]","[0.19, 0.18, 0.19, 0.19, 0.25, 0.2, 0.17, 0.18, 0.17]","[-1.23, -1.51, -0.52, -0.96, -0.58, -0.73, -1.37, -0.75, -0.7]",359.22,2.1243,65.58,71.7,9,-5.91,4A8
4A8>VH:Q120K-AAA|4A8>VL:S7T-ACT;V109L-CTG;D110E-GAG,62.77,17896.67,True,21.15,"[380.0, 374.0, 485.0, 643.0, 615.0, 530.0, 458.0, 433.0, 494.0]","[500.0, 2000.0, 50.0, 2.5, 10.0, 5.0, 1000.0, 100.0, 250.0]","[0.19, 0.18, 0.19, 0.19, 0.25, 0.2, 0.17, 0.18, 0.17]","[-0.31, -0.93, -0.23, -0.31, -0.16, -0.26, -0.78, -0.53, -0.46]",490.22,3.0214,39.86,100.54,9,-5.96,4A8
4A8>VH:Q120K-AAA|4A8>VL:T94M-ATG,268.2,12047.44,True,2.64,"[476.0, 685.0, 308.0, 385.0, 341.0, 267.0, 548.0, 313.0, 501.0]","[500.0, 2000.0, 50.0, 2.5, 10.0, 5.0, 1000.0, 100.0, 250.0]","[0.19, 0.18, 0.19, 0.19, 0.25, 0.2, 0.17, 0.18, 0.17]","[-2.54, -2.61, -3.43, -3.6, -3.56, -3.8, -3.07, -3.55, -2.99]",424.89,0.3771,28.65,959.89,9,-5.066,4A8
4A8>VH:Q120K-AAA|4A8>VL:T94M-ATG;V109L-CTG,200.53,12866.65,True,2.97,"[53.0, 90.0, 45.0, 54.0, 48.0, 49.0, 86.0, 51.0, 112.0]","[500.0, 2000.0, 50.0, 2.5, 10.0, 5.0, 1000.0, 100.0, 250.0]","[0.19, 0.18, 0.19, 0.19, 0.25, 0.2, 0.17, 0.18, 0.17]","[-2.47, -2.3, -2.98, -3.2, -3.16, -3.01, -2.51, -2.94, -1.92]",65.33,0.4243,197.95,215.29,9,-5.245,4A8
4A8>VH:Q120K-AAA|4A8>VL:T94M-ATG;V109L-CTG;D110E-GAG,206.48,13076.78,True,4.56,"[74.0, 108.0, 59.0, 57.0, 71.0, 40.0, 88.0, 60.0, 87.0]","[500.0, 2000.0, 50.0, 2.5, 10.0, 5.0, 1000.0, 100.0, 250.0]","[0.19, 0.18, 0.19, 0.19, 0.25, 0.2, 0.17, 0.18, 0.17]","[-2.1, -2.15, -2.7, -3.24, -2.71, -3.42, -2.59, -2.81, -2.4]",71.56,0.6514,204.93,219.97,9,-5.227,4A8
4A8>VH:Q120K-AAA|4A8>VL:V109L-CTG,70.32,14663.33,True,12.6,"[657.0, 764.0, 918.0, 1220.0, 1148.0, 1057.0, 788.0, 937.0, 966.0]","[500.0, 2000.0, 50.0, 2.5, 10.0, 5.0, 1000.0, 100.0, 250.0]","[0.19, 0.18, 0.19, 0.19, 0.25, 0.2, 0.17, 0.18, 0.17]","[-1.08, -1.46, -0.86, -0.94, -0.82, -0.82, -1.55, -0.98, -1.05]",939.44,1.8,35.28,75.39,9,-5.89,4A8
4A8>VH:Q120K-AAA|4A8>VL:V109L-CTG;D110E-GAG,58.67,17421.49,True,17.84,"[504.0, 566.0, 717.0, 1044.0, 980.0, 882.0, 649.0, 784.0, 828.0]","[500.0, 2000.0, 50.0, 2.5, 10.0, 5.0, 1000.0, 100.0, 250.0]","[0.19, 0.18, 0.19, 0.19, 0.25, 0.2, 0.17, 0.18, 0.17]","[-0.56, -0.99, -0.32, -0.27, -0.15, -0.18, -0.93, -0.33, -0.37]",772.67,2.5486,39.56,87.57,9,-6.002,4A8
4A8>VH:Q120K-AAA|4A8>VL:WT,78.73,12388.53,True,9.99,"[1079.0, 1300.0, 1696.0, 2147.0, 2257.0, 1891.0, 1379.0, 1770.0, 1861.0]","[500.0, 2000.0, 50.0, 2.5, 10.0, 5.0, 1000.0, 100.0, 250.0]","[0.19, 0.18, 0.19, 0.19, 0.25, 0.2, 0.17, 0.18, 0.17]","[-1.81, -2.13, -1.42, -1.57, -1.29, -1.43, -2.19, -1.5, -1.55]",1708.89,1.4271,45.99,138.32,9,-5.821,4A8
4A8>VH:Q120R-CGT;G121G-GGC;T123L-CTG;T125T-ACT|4A8>VL:WT,61.69,15981.33,True,20.13,"[186.0, 183.0, 269.0, 318.0, 368.0, 372.0, 240.0, 276.0, 296.0]","[500.0, 2000.0, 50.0, 2.5, 10.0, 5.0, 1000.0, 100.0, 250.0]","[0.19, 0.18, 0.19, 0.19, 0.25, 0.2, 0.17, 0.18, 0.17]","[-0.77, -1.39, -0.51, -0.76, -0.34, -0.2, -1.14, -0.61, -0.63]",278.67,2.8757,37.21,104.27,9,-5.971,4A8
4A8>VH:S88Y-TAT|4A8>VL:V109L-CTG,52.77,18255.49,True,9.42,"[66.0, 64.0, 96.0, 132.0, 126.0, 135.0, 78.0, 78.0, 111.0]","[500.0, 2000.0, 50.0, 2.5, 10.0, 5.0, 1000.0, 100.0, 250.0]","[0.19, 0.18, 0.19, 0.19, 0.25, 0.2, 0.17, 0.18, 0.17]","[-0.27, -0.91, 0.0, -0.03, 0.12, 0.34, -0.77, -0.44, -0.05]",98.44,1.3457,34.56,82.16,9,-6.067,4A8
4A8>VH:WT|4A8>VL:D110E-GAG,64.18,18295.83,True,17.74,"[437.0, 544.0, 724.0, 856.0, 862.0, 730.0, 678.0, 698.0, 776.0]","[500.0, 2000.0, 50.0, 2.5, 10.0, 5.0, 1000.0, 100.0, 250.0]","[0.19, 0.18, 0.19, 0.19, 0.25, 0.2, 0.17, 0.18, 0.17]","[-0.61, -0.89, -0.14, -0.39, -0.17, -0.29, -0.71, -0.34, -0.3]",700.56,2.5343,43.69,95.44,9,-5.946,4A8
4A8>VH:WT|4A8>VL:S7T-ACT,66.51,13918.48,True,16.9,"[1638.0, 1658.0, 2537.0, 3140.0, 3430.0, 2814.0, 2023.0, 2710.0, 2578.0]","[500.0, 2000.0, 50.0, 2.5, 10.0, 5.0, 1000.0, 100.0, 250.0]","[0.19, 0.18, 0.19, 0.19, 0.25, 0.2, 0.17, 0.18, 0.17]","[-1.26, -1.84, -0.9, -1.08, -0.74, -0.91, -1.69, -0.94, -1.13]",2503.11,2.4143,39.74,112.56,9,-5.924,4A8
4A8>VH:WT|4A8>VL:S7T-ACT;D110E-GAG,68.85,14958.87,True,14.32,"[249.0, 313.0, 397.0, 500.0, 516.0, 416.0, 349.0, 434.0, 394.0]","[500.0, 2000.0, 50.0, 2.5, 10.0, 5.0, 1000.0, 100.0, 250.0]","[0.19, 0.18, 0.19, 0.19, 0.25, 0.2, 0.17, 0.18, 0.17]","[-1.15, -1.42, -0.75, -0.91, -0.65, -0.84, -1.4, -0.76, -1.02]",396.44,2.0457,43.5,110.98,9,-5.903,4A8
4A8>VH:WT|4A8>VL:S7T-ACT;P18P-CCT,66.41,14419.22,True,11.8,"[81.0, 68.0, 133.0, 162.0, 162.0, 125.0, 108.0, 143.0, 118.0]","[500.0, 2000.0, 50.0, 2.5, 10.0, 5.0, 1000.0, 100.0, 250.0]","[0.19, 0.18, 0.19, 0.19, 0.25, 0.2, 0.17, 0.18, 0.17]","[-1.12, -1.96, -0.67, -0.87, -0.66, -0.92, -1.44, -0.7, -1.1]",122.22,1.6857,35.65,75.03,9,-5.925,4A8
4A8>VH:WT|4A8>VL:S7T-ACT;T94M-ATG,248.78,15484.8,True,3.99,"[653.0, 1068.0, 389.0, 448.0, 434.0, 322.0, 1015.0, 475.0, 695.0]","[500.0, 2000.0, 50.0, 2.5, 10.0, 5.0, 1000.0, 100.0, 250.0]","[0.19, 0.18, 0.19, 0.19, 0.25, 0.2, 0.17, 0.18, 0.17]","[-1.79, -1.67, -2.8, -3.09, -2.92, -3.23, -1.89, -2.65, -2.22]",611.0,0.57,27.38,539.76,9,-5.112,4A8
4A8>VH:WT|4A8>VL:S7T-ACT;T94M-ATG;D110E-GAG,237.39,16382.17,True,4.96,"[125.0, 183.0, 67.0, 74.0, 80.0, 47.0, 150.0, 67.0, 139.0]","[500.0, 2000.0, 50.0, 2.5, 10.0, 5.0, 1000.0, 100.0, 250.0]","[0.19, 0.18, 0.19, 0.19, 0.25, 0.2, 0.17, 0.18, 0.17]","[-1.42, -1.47, -2.59, -2.93, -2.61, -3.26, -1.9, -2.73, -1.8]",103.56,0.7086,232.51,251.09,9,-5.141,4A8
4A8>VH:WT|4A8>VL:S7T-ACT;T94M-ATG;V109L-CTG,223.17,16978.69,True,5.84,"[123.0, 217.0, 89.0, 77.0, 99.0, 68.0, 203.0, 95.0, 151.0]","[500.0, 2000.0, 50.0, 2.5, 10.0, 5.0, 1000.0, 100.0, 250.0]","[0.19, 0.18, 0.19, 0.19, 0.25, 0.2, 0.17, 0.18, 0.17]","[-1.51, -1.28, -2.24, -2.94, -2.37, -2.79, -1.52, -2.29, -1.74]",124.67,0.8343,217.47,238.88,9,-5.179,4A8
4A8>VH:WT|4A8>VL:S7T-ACT;T94M-ATG;V109L-CTG;D110E-GAG,183.21,16925.22,True,8.59,"[108.0, 189.0, 84.0, 77.0, 112.0, 66.0, 152.0, 97.0, 133.0]","[500.0, 2000.0, 50.0, 2.5, 10.0, 5.0, 1000.0, 100.0, 250.0]","[0.19, 0.18, 0.19, 0.19, 0.25, 0.2, 0.17, 0.18, 0.17]","[-1.33, -1.12, -1.96, -2.58, -1.82, -2.47, -1.58, -1.89, -1.56]",113.11,1.2271,179.11,193.01,9,-5.3,4A8
4A8>VH:WT|4A8>VL:S7T-ACT;V109L-CTG,61.81,17088.97,True,16.44,"[768.0, 990.0, 1341.0, 1707.0, 1644.0, 1411.0, 1198.0, 1323.0, 1471.0]","[500.0, 2000.0, 50.0, 2.5, 10.0, 5.0, 1000.0, 100.0, 250.0]","[0.19, 0.18, 0.19, 0.19, 0.25, 0.2, 0.17, 0.18, 0.17]","[-0.83, -1.06, -0.29, -0.43, -0.27, -0.38, -0.92, -0.45, -0.42]",1317.0,2.3486,42.42,90.7,9,-5.97,4A8
4A8>VH:WT|4A8>VL:S7T-ACT;V109L-CTG;D110E-GAG,62.46,20295.05,True,14.1,"[423.0, 519.0, 585.0, 824.0, 661.0, 676.0, 608.0, 676.0, 618.0]","[500.0, 2000.0, 50.0, 2.5, 10.0, 5.0, 1000.0, 100.0, 250.0]","[0.19, 0.18, 0.19, 0.19, 0.25, 0.2, 0.17, 0.18, 0.17]","[-0.21, -0.51, -0.01, -0.01, -0.11, 0.04, -0.42, 0.06, -0.19]",621.11,2.0143,45.15,87.15,9,-5.963,4A8
4A8>VH:WT|4A8>VL:T94M-ATG,230.8,15228.05,True,4.29,"[343.0, 680.0, 247.0, 313.0, 311.0, 273.0, 765.0, 358.0, 457.0]","[500.0, 2000.0, 50.0, 2.5, 10.0, 5.0, 1000.0, 100.0, 250.0]","[0.19, 0.18, 0.19, 0.19, 0.25, 0.2, 0.17, 0.18, 0.17]","[-2.08, -1.69, -2.82, -2.97, -2.76, -2.83, -1.66, -2.42, -2.19]",416.33,0.6129,225.55,245.83,9,-5.158,4A8
4A8>VH:WT|4A8>VL:T94M-ATG;V109L-CTG,202.01,16149.38,True,6.12,"[303.0, 492.0, 166.0, 215.0, 262.0, 193.0, 446.0, 289.0, 372.0]","[500.0, 2000.0, 50.0, 2.5, 10.0, 5.0, 1000.0, 100.0, 250.0]","[0.19, 0.18, 0.19, 0.19, 0.25, 0.2, 0.17, 0.18, 0.17]","[-1.52, -1.41, -2.65, -2.77, -2.27, -2.6, -1.7, -1.99, -1.75]",304.22,0.8743,196.03,214.91,9,-5.24,4A8
4A8>VH:WT|4A8>VL:T94M-ATG;V109L-CTG;D110E-GAG,166.09,18861.34,True,6.8,"[99.0, 204.0, 106.0, 116.0, 108.0, 55.0, 222.0, 136.0, 184.0]","[500.0, 2000.0, 50.0, 2.5, 10.0, 5.0, 1000.0, 100.0, 250.0]","[0.19, 0.18, 0.19, 0.19, 0.25, 0.2, 0.17, 0.18, 0.17]","[-1.31, -0.87, -1.48, -1.84, -1.73, -2.59, -0.89, -1.26, -0.95]",136.67,0.9714,161.95,175.57,9,-5.361,4A8
4A8>VH:WT|4A8>VL:V109L-CTG,62.08,17810.82,True,18.38,"[852.0, 947.0, 1260.0, 1651.0, 1596.0, 1368.0, 1052.0, 1379.0, 1453.0]","[500.0, 2000.0, 50.0, 2.5, 10.0, 5.0, 1000.0, 100.0, 250.0]","[0.19, 0.18, 0.19, 0.19, 0.25, 0.2, 0.17, 0.18, 0.17]","[-0.56, -1.0, -0.26, -0.36, -0.2, -0.3, -0.99, -0.27, -0.31]",1284.22,2.6257,42.42,91.5,9,-5.967,4A8
4A8>VH:WT|4A8>VL:V109L-CTG;D110E-GAG,55.89,18687.56,True,20.3,"[588.0, 793.0, 1096.0, 1365.0, 1319.0, 1183.0, 998.0, 1093.0, 1049.0]","[500.0, 2000.0, 50.0, 2.5, 10.0, 5.0, 1000.0, 100.0, 250.0]","[0.19, 0.18, 0.19, 0.19, 0.25, 0.2, 0.17, 0.18, 0.17]","[-0.58, -0.74, 0.05, -0.12, 0.04, 0.0, -0.55, -0.09, -0.27]",1053.78,2.9,38.55,81.5,9,-6.032,4A8
4A8>VH:WT|4A8>VL:WT,67.45,14369.26,True,17.64,"[1592.0, 1978.0, 2675.0, 3110.0, 3618.0, 3048.0, 2062.0, 2853.0, 3026.0]","[500.0, 2000.0, 50.0, 2.5, 10.0, 5.0, 1000.0, 100.0, 250.0]","[0.19, 0.18, 0.19, 0.19, 0.25, 0.2, 0.17, 0.18, 0.17]","[-1.33, -1.61, -0.85, -1.12, -0.69, -0.82, -1.69, -0.89, -0.93]",2662.44,2.52,40.7,113.31,9,-5.916,4A8
CC121>VH:F58Y-TAC;L104M-ATG|CC121>VL:E107D-GAT,67.46,21271.94,True,13.67,"[137.0, 267.0, 239.0, 276.0, 275.0, 288.0, 240.0, 240.0, 268.0]","[500.0, 2000.0, 50.0, 2.5, 10.0, 5.0, 1000.0, 100.0, 250.0]","[0.19, 0.18, 0.19, 0.19, 0.25, 0.2, 0.17, 0.18, 0.17]","[-0.46, -0.1, 0.07, -0.21, -0.0, 0.18, -0.39, -0.06, -0.02]",247.78,1.9529,35.11,71.27,9,-5.916,CC121
CC121>VH:F58Y-TAC;L104M-ATG|CC121>VL:M4L-TTG,74.52,23014.51,True,13.2,"[202.0, 286.0, 252.0, 440.0, 297.0, 286.0, 424.0, 301.0, 359.0]","[500.0, 2000.0, 50.0, 2.5, 10.0, 5.0, 1000.0, 100.0, 250.0]","[0.19, 0.18, 0.19, 0.19, 0.25, 0.2, 0.17, 0.18, 0.17]","[-0.16, -0.25, -0.1, 0.21, -0.15, -0.08, 0.18, 0.01, 0.15]",316.33,1.8857,51.58,109.29,9,-5.854,CC121
CC121>VH:F58Y-TAC;L104M-ATG|CC121>VL:M4L-TTG;E107D-GAT,70.25,20824.62,True,21.92,"[985.0, 1122.0, 1099.0, 1595.0, 1270.0, 1296.0, 1350.0, 1189.0, 1257.0]","[500.0, 2000.0, 50.0, 2.5, 10.0, 5.0, 1000.0, 100.0, 250.0]","[0.19, 0.18, 0.19, 0.19, 0.25, 0.2, 0.17, 0.18, 0.17]","[-0.04, -0.45, -0.15, -0.1, -0.22, -0.07, -0.32, -0.18, -0.22]",1240.33,3.1314,47.14,106.26,9,-5.891,CC121
CC121>VH:F58Y-TAC;L104M-ATG|CC121>VL:V3Q-CAG,66.19,22576.34,True,20.89,"[675.0, 879.0, 861.0, 1184.0, 1015.0, 914.0, 949.0, 895.0, 955.0]","[500.0, 2000.0, 50.0, 2.5, 10.0, 5.0, 1000.0, 100.0, 250.0]","[0.19, 0.18, 0.19, 0.19, 0.25, 0.2, 0.17, 0.18, 0.17]","[0.06, -0.15, 0.15, 0.12, 0.11, 0.07, -0.18, 0.06, 0.04]",925.22,2.9843,45.91,96.66,9,-5.927,CC121
CC121>VH:F58Y-TAC;L104M-ATG|CC121>VL:V3Q-CAG;E107D-GAT,67.64,23119.42,True,16.29,"[864.0, 1266.0, 1217.0, 1718.0, 1344.0, 1267.0, 1466.0, 1368.0, 1392.0]","[500.0, 2000.0, 50.0, 2.5, 10.0, 5.0, 1000.0, 100.0, 250.0]","[0.19, 0.18, 0.19, 0.19, 0.25, 0.2, 0.17, 0.18, 0.17]","[-0.06, -0.1, 0.17, 0.17, 0.03, 0.06, -0.03, 0.2, 0.1]",1322.44,2.3271,49.82,92.62,9,-5.914,CC121
CC121>VH:F58Y-TAC;L104M-ATG|CC121>VL:V3Q-CAG;E107E-GAG,66.52,27114.3,True,7.96,"[72.0, 62.0, 64.0, 79.0, 77.0, 69.0, 73.0, 61.0, 67.0]","[500.0, 2000.0, 50.0, 2.5, 10.0, 5.0, 1000.0, 100.0, 250.0]","[0.19, 0.18, 0.19, 0.19, 0.25, 0.2, 0.17, 0.18, 0.17]","[1.0, 0.19, 0.56, 0.38, 0.55, 0.51, 0.28, 0.35, 0.37]",69.33,1.1371,39.15,117.46,9,-5.924,CC121
CC121>VH:F58Y-TAC;L104M-ATG|CC121>VL:V3Q-CAG;G101G-GGT,78.17,23266.58,True,20.75,"[160.0, 123.0, 117.0, 160.0, 154.0, 157.0, 179.0, 144.0, 157.0]","[500.0, 2000.0, 50.0, 2.5, 10.0, 5.0, 1000.0, 100.0, 250.0]","[0.19, 0.18, 0.19, 0.19, 0.25, 0.2, 0.17, 0.18, 0.17]","[0.59, -0.39, -0.13, -0.17, -0.01, 0.13, 0.01, 0.03, 0.03]",150.11,2.9643,44.33,143.1,9,-5.825,CC121
CC121>VH:F58Y-TAC;L104M-ATG|CC121>VL:V3Q-CAG;M4L-TTG,65.45,22965.65,True,22.29,"[1382.0, 2036.0, 1949.0, 2643.0, 2216.0, 2072.0, 2253.0, 2074.0, 2119.0]","[500.0, 2000.0, 50.0, 2.5, 10.0, 5.0, 1000.0, 100.0, 250.0]","[0.19, 0.18, 0.19, 0.19, 0.25, 0.2, 0.17, 0.18, 0.17]","[-0.03, -0.06, 0.2, 0.15, 0.11, 0.13, -0.06, 0.15, 0.06]",2082.67,3.1843,46.39,93.22,9,-5.934,CC121
CC121>VH:F58Y-TAC;L104M-ATG|CC121>VL:V3Q-CAG;M4L-TTG;E107D-GAT,69.02,22827.42,True,26.0,"[1941.0, 2463.0, 2390.0, 3298.0, 2818.0, 2467.0, 2858.0, 2592.0, 2743.0]","[500.0, 2000.0, 50.0, 2.5, 10.0, 5.0, 1000.0, 100.0, 250.0]","[0.19, 0.18, 0.19, 0.19, 0.25, 0.2, 0.17, 0.18, 0.17]","[0.07, -0.18, 0.1, 0.08, 0.06, -0.01, -0.11, 0.08, 0.04]",2618.89,3.7143,47.39,101.82,9,-5.902,CC121
CC121>VH:F58Y-TAC;L104M-ATG|CC121>VL:WT,65.37,23275.37,True,22.33,"[468.0, 544.0, 551.0, 762.0, 656.0, 713.0, 701.0, 650.0, 653.0]","[500.0, 2000.0, 50.0, 2.5, 10.0, 5.0, 1000.0, 100.0, 250.0]","[0.19, 0.18, 0.19, 0.19, 0.25, 0.2, 0.17, 0.18, 0.17]","[0.17, -0.21, 0.13, 0.11, 0.11, 0.35, 0.01, 0.23, 0.12]",633.11,3.19,44.0,98.52,9,-5.935,CC121
CC121>VH:F58Y-TAC;V63V-GTA;L104M-ATG|CC121>VL:V3Q-CAG;M4L-TTG,71.37,19207.17,True,8.75,"[79.0, 61.0, 89.0, 114.0, 94.0, 96.0, 100.0, 87.0, 112.0]","[500.0, 2000.0, 50.0, 2.5, 10.0, 5.0, 1000.0, 100.0, 250.0]","[0.19, 0.18, 0.19, 0.19, 0.25, 0.2, 0.17, 0.18, 0.17]","[-0.11, -1.08, -0.21, -0.34, -0.41, -0.26, -0.51, -0.38, -0.14]",92.44,1.25,48.32,107.2,9,-5.881,CC121
CC121>VH:F58Y-TAC|CC121>VL:E107D-GAT,85.42,23501.71,True,9.99,"[268.0, 444.0, 357.0, 416.0, 345.0, 403.0, 467.0, 432.0, 478.0]","[500.0, 2000.0, 50.0, 2.5, 10.0, 5.0, 1000.0, 100.0, 250.0]","[0.19, 0.18, 0.19, 0.19, 0.25, 0.2, 0.17, 0.18, 0.17]","[-0.21, -0.08, -0.07, -0.34, -0.39, -0.05, -0.15, 0.07, 0.09]",401.11,1.4271,83.13,90.84,9,-5.77,CC121
CC121>VH:F58Y-TAC|CC121>VL:M4L-TTG,65.11,20981.64,True,14.08,"[350.0, 558.0, 634.0, 740.0, 658.0, 655.0, 657.0, 694.0, 649.0]","[500.0, 2000.0, 50.0, 2.5, 10.0, 5.0, 1000.0, 100.0, 250.0]","[0.19, 0.18, 0.19, 0.19, 0.25, 0.2, 0.17, 0.18, 0.17]","[-0.45, -0.37, 0.14, -0.13, -0.09, 0.02, -0.28, 0.13, -0.09]",621.67,2.0114,39.1,70.11,9,-5.938,CC121
CC121>VH:F58Y-TAC|CC121>VL:M4L-TTG;E107D-GAT,77.67,25281.78,True,13.46,"[71.0, 59.0, 73.0, 80.0, 38.0, 57.0, 90.0, 79.0, 49.0]","[500.0, 2000.0, 50.0, 2.5, 10.0, 5.0, 1000.0, 100.0, 250.0]","[0.19, 0.18, 0.19, 0.19, 0.25, 0.2, 0.17, 0.18, 0.17]","[0.86, 0.0, 0.64, 0.28, -0.58, 0.12, 0.47, 0.61, -0.2]",66.22,1.9229,41.4,157.21,9,-5.829,CC121
CC121>VH:F58Y-TAC|CC121>VL:V3Q-CAG;E107D-GAT,79.67,22842.88,True,21.68,"[432.0, 617.0, 565.0, 680.0, 680.0, 578.0, 814.0, 662.0, 710.0]","[500.0, 2000.0, 50.0, 2.5, 10.0, 5.0, 1000.0, 100.0, 250.0]","[0.19, 0.18, 0.19, 0.19, 0.25, 0.2, 0.17, 0.18, 0.17]","[-0.18, -0.26, -0.06, -0.28, -0.07, -0.19, -0.0, 0.03, 0.01]",637.56,3.0971,53.2,122.21,9,-5.813,CC121
CC121>VH:F58Y-TAC|CC121>VL:V3Q-CAG;M4L-TTG,70.48,20611.49,True,14.9,"[328.0, 436.0, 481.0, 515.0, 482.0, 508.0, 453.0, 463.0, 499.0]","[500.0, 2000.0, 50.0, 2.5, 10.0, 5.0, 1000.0, 100.0, 250.0]","[0.19, 0.18, 0.19, 0.19, 0.25, 0.2, 0.17, 0.18, 0.17]","[-0.24, -0.43, 0.04, -0.35, -0.23, -0.04, -0.52, -0.16, -0.17]",462.78,2.1286,49.61,101.7,9,-5.889,CC121
CC121>VH:F58Y-TAC|CC121>VL:V3Q-CAG;M4L-TTG;E107D-GAT,72.59,21838.7,True,14.66,"[884.0, 1172.0, 1157.0, 1557.0, 1238.0, 1257.0, 1425.0, 1266.0, 1404.0]","[500.0, 2000.0, 50.0, 2.5, 10.0, 5.0, 1000.0, 100.0, 250.0]","[0.19, 0.18, 0.19, 0.19, 0.25, 0.2, 0.17, 0.18, 0.17]","[-0.15, -0.34, -0.03, -0.09, -0.21, -0.07, -0.2, -0.04, -0.01]",1262.22,2.0943,53.2,100.07,9,-5.871,CC121
CC121>VH:L104M-ATG|CC121>VL:E107D-GAT,58.16,23594.47,True,18.35,"[219.0, 287.0, 314.0, 430.0, 401.0, 338.0, 354.0, 322.0, 304.0]","[500.0, 2000.0, 50.0, 2.5, 10.0, 5.0, 1000.0, 100.0, 250.0]","[0.19, 0.18, 0.19, 0.19, 0.25, 0.2, 0.17, 0.18, 0.17]","[0.16, -0.05, 0.41, 0.37, 0.48, 0.35, 0.11, 0.3, 0.1]",329.89,2.6214,38.37,89.86,9,-6.007,CC121
CC121>VH:L104M-ATG|CC121>VL:M4L-TTG,63.99,25977.18,True,21.16,"[540.0, 731.0, 715.0, 972.0, 889.0, 800.0, 871.0, 829.0, 863.0]","[500.0, 2000.0, 50.0, 2.5, 10.0, 5.0, 1000.0, 100.0, 250.0]","[0.19, 0.18, 0.19, 0.19, 0.25, 0.2, 0.17, 0.18, 0.17]","[0.27, 0.11, 0.41, 0.36, 0.44, 0.41, 0.22, 0.48, 0.42]",801.11,3.0229,44.91,92.18,9,-5.948,CC121
CC121>VH:L104M-ATG|CC121>VL:M4L-TTG;E107D-GAT,63.27,25601.05,True,12.95,"[207.0, 269.0, 293.0, 384.0, 356.0, 261.0, 293.0, 308.0, 309.0]","[500.0, 2000.0, 50.0, 2.5, 10.0, 5.0, 1000.0, 100.0, 250.0]","[0.19, 0.18, 0.19, 0.19, 0.25, 0.2, 0.17, 0.18, 0.17]","[0.3, 0.08, 0.53, 0.43, 0.54, 0.21, 0.06, 0.47, 0.35]",297.78,1.85,44.61,91.02,9,-5.955,CC121
CC121>VH:L104M-ATG|CC121>VL:V3Q-CAG,61.89,24872.21,True,14.6,"[820.0, 1256.0, 1319.0, 1746.0, 1343.0, 1314.0, 1424.0, 1371.0, 1363.0]","[500.0, 2000.0, 50.0, 2.5, 10.0, 5.0, 1000.0, 100.0, 250.0]","[0.19, 0.18, 0.19, 0.19, 0.25, 0.2, 0.17, 0.18, 0.17]","[0.08, 0.1, 0.5, 0.41, 0.25, 0.33, 0.14, 0.41, 0.29]",1328.44,2.0857,47.27,81.46,9,-5.969,CC121
CC121>VH:L104M-ATG|CC121>VL:V3Q-CAG;E107D-GAT,63.21,23491.09,True,23.88,"[1244.0, 1561.0, 1543.0, 2156.0, 1779.0, 1995.0, 1820.0, 1798.0, 1853.0]","[500.0, 2000.0, 50.0, 2.5, 10.0, 5.0, 1000.0, 100.0, 250.0]","[0.19, 0.18, 0.19, 0.19, 0.25, 0.2, 0.17, 0.18, 0.17]","[0.15, -0.12, 0.19, 0.18, 0.12, 0.4, -0.04, 0.27, 0.2]",1749.89,3.4114,44.43,90.68,9,-5.956,CC121
CC121>VH:L104M-ATG|CC121>VL:V3Q-CAG;M4L-TTG,59.74,23203.56,True,28.76,"[1807.0, 2141.0, 2437.0, 3371.0, 2930.0, 2612.0, 2696.0, 2621.0, 2628.0]","[500.0, 2000.0, 50.0, 2.5, 10.0, 5.0, 1000.0, 100.0, 250.0]","[0.19, 0.18, 0.19, 0.19, 0.25, 0.2, 0.17, 0.18, 0.17]","[0.15, -0.21, 0.31, 0.29, 0.3, 0.25, -0.01, 0.27, 0.16]",2582.56,4.1086,41.35,86.88,9,-5.991,CC121
CC121>VH:L104M-ATG|CC121>VL:V3Q-CAG;M4L-TTG;E107D-GAT,59.34,24437.64,True,17.51,"[762.0, 1109.0, 1120.0, 1629.0, 1332.0, 1400.0, 1336.0, 1287.0, 1419.0]","[500.0, 2000.0, 50.0, 2.5, 10.0, 5.0, 1000.0, 100.0, 250.0]","[0.19, 0.18, 0.19, 0.19, 0.25, 0.2, 0.17, 0.18, 0.17]","[0.05, -0.01, 0.34, 0.39, 0.31, 0.5, 0.12, 0.4, 0.42]",1266.0,2.5014,43.88,80.65,9,-5.995,CC121
CC121>VH:L104M-ATG|CC121>VL:V3Q-CAG;M4L-TTG;F100F-TTT,76.47,20457.9,True,22.62,"[142.0, 148.0, 101.0, 190.0, 195.0, 170.0, 150.0, 139.0, 171.0]","[500.0, 2000.0, 50.0, 2.5, 10.0, 5.0, 1000.0, 100.0, 250.0]","[0.19, 0.18, 0.19, 0.19, 0.25, 0.2, 0.17, 0.18, 0.17]","[0.1, -0.43, -0.65, -0.23, 0.02, -0.06, -0.55, -0.33, -0.15]",156.22,3.2314,40.62,149.93,9,-5.839,CC121
CC121>VH:L104M-ATG|CC121>VL:WT,56.12,22159.36,True,16.12,"[257.0, 243.0, 327.0, 478.0, 397.0, 322.0, 298.0, 309.0, 337.0]","[500.0, 2000.0, 50.0, 2.5, 10.0, 5.0, 1000.0, 100.0, 250.0]","[0.19, 0.18, 0.19, 0.19, 0.25, 0.2, 0.17, 0.18, 0.17]","[0.28, -0.4, 0.36, 0.42, 0.36, 0.18, -0.24, 0.14, 0.14]",329.78,2.3029,38.34,83.08,9,-6.029,CC121
CC121>VH:L27F-TTC;A60T-ACA|CC121>VL:V3Q-CAG,189.5,24505.27,True,9.2,"[100.0, 116.0, 58.0, 52.0, 42.0, 48.0, 156.0, 77.0, 108.0]","[500.0, 2000.0, 50.0, 2.5, 10.0, 5.0, 1000.0, 100.0, 250.0]","[0.19, 0.18, 0.19, 0.19, 0.25, 0.2, 0.17, 0.18, 0.17]","[-0.07, -0.45, -1.12, -1.77, -1.87, -1.56, -0.17, -0.86, -0.49]",84.11,1.3143,72.36,202.2,9,-5.28,CC121
CC121>VH:L27F-TTC;F58Y-TAC;L104M-ATG|CC121>VL:D1D-GAT;V3Q-CAG,817.17,11692.03,True,8.55,"[24.0, 41.0, 67.0, 17.0, 87.0, 100.0, 88.0, 25.0, 98.0]","[50.0, 250.0, 5.0, 10.0, 1000.0, 2000.0, 2.5, 100.0, 500.0]","[0.39, 0.33, 0.4, 0.47, 0.34, 0.35, 0.39, 0.35, 0.38]","[-3.24, -2.53, -1.89, -3.84, -1.63, -1.43, -1.7, -3.4, -1.51]",60.78,1.2214,809.73,874.27,9,-4.379,CC121
CC121>VH:L27F-TTC;F58Y-TAC;L104M-ATG|CC121>VL:M4L-TTG,964.74,11180.94,True,11.08,"[149.0, 242.0, 446.0, 247.0, 480.0, 948.0, 814.0, 205.0, 812.0]","[50.0, 250.0, 5.0, 10.0, 1000.0, 2000.0, 2.5, 100.0, 500.0]","[0.39, 0.33, 0.4, 0.47, 0.34, 0.35, 0.39, 0.35, 0.38]","[-3.93, -3.29, -2.47, -3.3, -2.48, -1.5, -1.81, -3.68, -1.78]",482.56,1.5829,958.13,1035.99,9,-4.277,CC121
CC121>VH:L27F-TTC;F58Y-TAC;L104M-ATG|CC121>VL:M4L-TTG;E107D-GAT,1123.79,11857.05,True,12.79,"[196.0, 286.0, 702.0, 329.0, 743.0, 1357.0, 973.0, 183.0, 1048.0]","[50.0, 250.0, 5.0, 10.0, 1000.0, 2000.0, 2.5, 100.0, 500.0]","[0.39, 0.33, 0.4, 0.47, 0.34, 0.35, 0.39, 0.35, 0.38]","[-4.04, -3.56, -2.32, -3.39, -2.36, -1.49, -2.06, -4.35, -1.92]",646.33,1.8271,1115.92,1209.72,9,-4.183,CC121
CC121>VH:L27F-TTC;F58Y-TAC;L104M-ATG|CC121>VL:V3Q-CAG,899.79,12556.91,True,25.41,"[156.0, 236.0, 330.0, 210.0, 497.0, 822.0, 522.0, 109.0, 893.0]","[50.0, 250.0, 5.0, 10.0, 1000.0, 2000.0, 2.5, 100.0, 500.0]","[0.39, 0.33, 0.4, 0.47, 0.34, 0.35, 0.39, 0.35, 0.38]","[-3.39, -2.86, -2.43, -3.06, -1.96, -1.24, -1.98, -4.12, -1.17]",419.44,3.63,893.69,964.84,9,-4.32,CC121
CC121>VH:L27F-TTC;F58Y-TAC;L104M-ATG|CC121>VL:V3Q-CAG;E107D-GAT,931.42,11607.86,True,20.0,"[292.0, 404.0, 752.0, 417.0, 955.0, 1643.0, 1100.0, 400.0, 1559.0]","[50.0, 250.0, 5.0, 10.0, 1000.0, 2000.0, 2.5, 100.0, 500.0]","[0.39, 0.33, 0.4, 0.47, 0.34, 0.35, 0.39, 0.35, 0.38]","[-3.67, -3.27, -2.43, -3.26, -2.21, -1.43, -2.09, -3.43, -1.56]",835.78,2.8571,922.57,1002.52,9,-4.299,CC121
CC121>VH:L27F-TTC;F58Y-TAC;L104M-ATG|CC121>VL:V3Q-CAG;M4L-TTG,996.27,11330.17,True,9.44,"[228.0, 248.0, 694.0, 430.0, 706.0, 1317.0, 1139.0, 253.0, 1027.0]","[50.0, 250.0, 5.0, 10.0, 1000.0, 2000.0, 2.5, 100.0, 500.0]","[0.39, 0.33, 0.4, 0.47, 0.34, 0.35, 0.39, 0.35, 0.38]","[-3.77, -3.71, -2.29, -2.95, -2.38, -1.48, -1.78, -3.83, -1.9]",671.33,1.3486,989.42,1068.11,9,-4.257,CC121
CC121>VH:L27F-TTC;F58Y-TAC;L104M-ATG|CC121>VL:V3Q-CAG;M4L-TTG;E107D-GAT,1143.22,11468.82,True,11.42,"[224.0, 243.0, 679.0, 360.0, 662.0, 1367.0, 1086.0, 237.0, 1038.0]","[50.0, 250.0, 5.0, 10.0, 1000.0, 2000.0, 2.5, 100.0, 500.0]","[0.39, 0.33, 0.4, 0.47, 0.34, 0.35, 0.39, 0.35, 0.38]","[-3.93, -3.88, -2.46, -3.34, -2.61, -1.57, -1.99, -4.07, -2.02]",655.11,1.6314,1135.2,1228.55,9,-4.173,CC121
CC121>VH:L27F-TTC;F58Y-TAC;L104M-ATG|CC121>VL:WT,948.18,13199.3,True,15.3,"[43.0, 34.0, 77.0, 51.0, 134.0, 156.0, 129.0, 20.0, 163.0]","[50.0, 250.0, 5.0, 10.0, 1000.0, 2000.0, 2.5, 100.0, 500.0]","[0.39, 0.33, 0.4, 0.47, 0.34, 0.35, 0.39, 0.35, 0.38]","[-2.84, -3.24, -2.12, -2.69, -1.44, -1.22, -1.59, -4.16, -1.21]",89.67,2.1857,941.7,1015.45,9,-4.288,CC121
CC121>VH:L27F-TTC;F67F-TTT;L104M-ATG|CC121>VL:V3Q-CAG,69.72,21948.3,True,8.42,"[103.0, 170.0, 156.0, 199.0, 167.0, 147.0, 153.0, 147.0, 155.0]","[500.0, 2000.0, 50.0, 2.5, 10.0, 5.0, 1000.0, 100.0, 250.0]","[0.19, 0.18, 0.19, 0.19, 0.25, 0.2, 0.17, 0.18, 0.17]","[-0.17, -0.04, 0.17, 0.03, -0.01, -0.08, -0.33, -0.06, -0.1]",155.22,1.2029,67.3,75.88,9,-5.895,CC121
CC121>VH:L27F-TTC;G108D-GAC|CC121>VL:V3Q-CAG;M4L-TTG;E107D-GAT,1830.51,20617.46,True,29.78,"[42.0, 13.0, 26.0, 11.0, 45.0, 119.0, 51.0, 21.0, 152.0]","[50.0, 250.0, 5.0, 10.0, 1000.0, 2000.0, 2.5, 100.0, 500.0]","[0.39, 0.33, 0.4, 0.47, 0.34, 0.35, 0.39, 0.35, 0.38]","[-1.81, -3.56, -2.62, -3.84, -1.95, -0.55, -1.86, -3.02, -0.25]",53.33,4.2543,1816.37,1973.32,9,-3.883,CC121
CC121>VH:L27F-TTC;L104M-ATG|CC121>VL:E107D-GAT,69.27,26912.99,True,8.17,"[116.0, 224.0, 178.0, 295.0, 201.0, 174.0, 242.0, 198.0, 222.0]","[500.0, 2000.0, 50.0, 2.5, 10.0, 5.0, 1000.0, 100.0, 250.0]","[0.19, 0.18, 0.19, 0.19, 0.25, 0.2, 0.17, 0.18, 0.17]","[0.04, 0.4, 0.39, 0.63, 0.29, 0.2, 0.37, 0.41, 0.45]",205.56,1.1671,49.41,98.47,9,-5.899,CC121
CC121>VH:L27F-TTC;L104M-ATG|CC121>VL:M4L-TTG,60.89,22640.15,True,25.7,"[769.0, 914.0, 904.0, 1397.0, 1170.0, 1114.0, 1059.0, 1086.0, 1040.0]","[500.0, 2000.0, 50.0, 2.5, 10.0, 5.0, 1000.0, 100.0, 250.0]","[0.19, 0.18, 0.19, 0.19, 0.25, 0.2, 0.17, 0.18, 0.17]","[0.16, -0.19, 0.12, 0.26, 0.22, 0.26, -0.12, 0.25, 0.06]",1050.33,3.6714,41.05,91.26,9,-5.979,CC121
CC121>VH:L27F-TTC;L104M-ATG|CC121>VL:M4L-TTG;E107D-GAT,74.01,23738.12,True,13.3,"[166.0, 195.0, 219.0, 228.0, 210.0, 197.0, 231.0, 219.0, 207.0]","[500.0, 2000.0, 50.0, 2.5, 10.0, 5.0, 1000.0, 100.0, 250.0]","[0.19, 0.18, 0.19, 0.19, 0.25, 0.2, 0.17, 0.18, 0.17]","[0.2, -0.16, 0.34, -0.1, -0.0, 0.02, -0.06, 0.2, -0.0]",208.0,1.9,50.61,110.89,9,-5.859,CC121
CC121>VH:L27F-TTC;L104M-ATG|CC121>VL:V3Q-CAG;M4L-TTG,71.1,20602.48,True,24.84,"[914.0, 1211.0, 1030.0, 1559.0, 1369.0, 1234.0, 1344.0, 1193.0, 1249.0]","[500.0, 2000.0, 50.0, 2.5, 10.0, 5.0, 1000.0, 100.0, 250.0]","[0.19, 0.18, 0.19, 0.19, 0.25, 0.2, 0.17, 0.18, 0.17]","[-0.17, -0.36, -0.26, -0.16, -0.13, -0.16, -0.35, -0.19, -0.25]",1233.67,3.5486,46.02,112.09,9,-5.883,CC121
CC121>VH:L27F-TTC;L104M-ATG|CC121>VL:WT,71.21,22647.58,True,28.81,"[959.0, 1311.0, 1258.0, 1574.0, 1569.0, 1220.0, 1504.0, 1419.0, 1416.0]","[500.0, 2000.0, 50.0, 2.5, 10.0, 5.0, 1000.0, 100.0, 250.0]","[0.19, 0.18, 0.19, 0.19, 0.25, 0.2, 0.17, 0.18, 0.17]","[-0.05, -0.19, 0.08, -0.09, 0.12, -0.13, -0.14, 0.11, -0.01]",1358.89,4.1157,47.0,110.04,9,-5.882,CC121
CC121>VH:L27F-TTC|CC121>VL:E107D-GAT,149.67,19778.34,True,6.81,"[71.0, 99.0, 49.0, 74.0, 58.0, 66.0, 146.0, 82.0, 120.0]","[500.0, 2000.0, 50.0, 2.5, 10.0, 5.0, 1000.0, 100.0, 250.0]","[0.19, 0.18, 0.19, 0.19, 0.25, 0.2, 0.17, 0.18, 0.17]","[-0.85, -0.96, -1.65, -1.54, -1.68, -1.38, -0.54, -1.05, -0.62]",85.0,0.9729,98.47,237.3,9,-5.425,CC121
CC121>VH:L27F-TTC|CC121>VL:M4L-TTG;E107D-GAT,86.35,20839.54,True,18.52,"[230.0, 350.0, 287.0, 336.0, 318.0, 286.0, 394.0, 282.0, 301.0]","[500.0, 2000.0, 50.0, 2.5, 10.0, 5.0, 1000.0, 100.0, 250.0]","[0.19, 0.18, 0.19, 0.19, 0.25, 0.2, 0.17, 0.18, 0.17]","[-0.32, -0.31, -0.27, -0.53, -0.4, -0.43, -0.28, -0.43, -0.46]",309.33,2.6457,83.43,93.78,9,-5.764,CC121
CC121>VH:L27F-TTC|CC121>VL:V3Q-CAG,135.68,20104.66,True,14.43,"[223.0, 221.0, 146.0, 171.0, 141.0, 128.0, 260.0, 192.0, 200.0]","[500.0, 2000.0, 50.0, 2.5, 10.0, 5.0, 1000.0, 100.0, 250.0]","[0.19, 0.18, 0.19, 0.19, 0.25, 0.2, 0.17, 0.18, 0.17]","[-0.21, -0.82, -1.09, -1.35, -1.42, -1.44, -0.73, -0.84, -0.9]",186.89,2.0614,55.2,148.77,9,-5.485,CC121
CC121>VH:L27F-TTC|CC121>VL:V3Q-CAG;E107D-GAT,128.85,21882.78,True,14.41,"[439.0, 602.0, 361.0, 402.0, 353.0, 293.0, 570.0, 478.0, 482.0]","[500.0, 2000.0, 50.0, 2.5, 10.0, 5.0, 1000.0, 100.0, 250.0]","[0.19, 0.18, 0.19, 0.19, 0.25, 0.2, 0.17, 0.18, 0.17]","[-0.23, -0.37, -0.77, -1.11, -1.08, -1.24, -0.59, -0.51, -0.62]",442.22,2.0586,55.38,135.45,9,-5.517,CC121
CC121>VH:L27F-TTC|CC121>VL:WT,112.31,18351.02,True,12.79,"[48.0, 50.0, 45.0, 41.0, 42.0, 42.0, 73.0, 52.0, 41.0]","[500.0, 2000.0, 50.0, 2.5, 10.0, 5.0, 1000.0, 100.0, 250.0]","[0.19, 0.18, 0.19, 0.19, 0.25, 0.2, 0.17, 0.18, 0.17]","[-0.43, -0.96, -0.79, -1.41, -1.16, -1.05, -0.56, -0.72, -1.18]",48.22,1.8271,60.25,236.99,9,-5.602,CC121
CC121>VH:WT|CC121>VL:E107D-GAT,59.19,20515.72,True,13.16,"[87.0, 159.0, 221.0, 234.0, 192.0, 200.0, 227.0, 182.0, 166.0]","[500.0, 2000.0, 50.0, 2.5, 10.0, 5.0, 1000.0, 100.0, 250.0]","[0.19, 0.18, 0.19, 0.19, 0.25, 0.2, 0.17, 0.18, 0.17]","[-0.63, -0.36, 0.44, 0.04, -0.04, 0.14, 0.01, 0.02, -0.23]",185.33,1.88,39.99,89.69,9,-5.996,CC121
CC121>VH:WT|CC121>VL:M4L-TTG,57.06,22601.72,True,10.56,"[67.0, 55.0, 94.0, 108.0, 120.0, 80.0, 89.0, 81.0, 85.0]","[500.0, 2000.0, 50.0, 2.5, 10.0, 5.0, 1000.0, 100.0, 250.0]","[0.19, 0.18, 0.19, 0.19, 0.25, 0.2, 0.17, 0.18, 0.17]","[0.35, -0.53, 0.57, 0.28, 0.65, 0.18, 0.02, 0.22, 0.17]",86.56,1.5086,35.48,94.58,9,-6.019,CC121
CC121>VH:WT|CC121>VL:M4L-TTG;E107D-GAT,53.68,19632.58,True,11.0,"[66.0, 49.0, 72.0, 145.0, 105.0, 120.0, 93.0, 106.0, 130.0]","[500.0, 2000.0, 50.0, 2.5, 10.0, 5.0, 1000.0, 100.0, 250.0]","[0.19, 0.18, 0.19, 0.19, 0.25, 0.2, 0.17, 0.18, 0.17]","[-0.1, -1.12, -0.24, 0.28, 0.03, 0.34, -0.34, 0.18, 0.35]",98.44,1.5714,33.49,86.31,9,-6.057,CC121
CC121>VH:WT|CC121>VL:V3Q-CAG,62.06,24479.37,True,19.87,"[647.0, 828.0, 885.0, 1226.0, 1037.0, 1020.0, 1073.0, 1051.0, 1030.0]","[500.0, 2000.0, 50.0, 2.5, 10.0, 5.0, 1000.0, 100.0, 250.0]","[0.19, 0.18, 0.19, 0.19, 0.25, 0.2, 0.17, 0.18, 0.17]","[0.15, -0.09, 0.33, 0.31, 0.28, 0.38, 0.14, 0.44, 0.29]",977.44,2.8386,44.51,87.23,9,-5.967,CC121
CC121>VH:WT|CC121>VL:V3Q-CAG;E107D-GAT,75.63,21715.15,True,22.35,"[277.0, 260.0, 261.0, 385.0, 348.0, 365.0, 407.0, 399.0, 393.0]","[500.0, 2000.0, 50.0, 2.5, 10.0, 5.0, 1000.0, 100.0, 250.0]","[0.19, 0.18, 0.19, 0.19, 0.25, 0.2, 0.17, 0.18, 0.17]","[0.02, -0.67, -0.33, -0.26, -0.2, -0.01, -0.16, 0.14, -0.0]",343.89,3.1929,47.78,122.24,9,-5.845,CC121
CC121>VH:WT|CC121>VL:V3Q-CAG;M4L-TTG,58.7,24112.33,True,9.09,"[498.0, 773.0, 821.0, 1109.0, 809.0, 963.0, 829.0, 821.0, 915.0]","[500.0, 2000.0, 50.0, 2.5, 10.0, 5.0, 1000.0, 100.0, 250.0]","[0.19, 0.18, 0.19, 0.19, 0.25, 0.2, 0.17, 0.18, 0.17]","[0.01, 0.05, 0.46, 0.41, 0.16, 0.53, 0.01, 0.32, 0.36]",837.56,1.2986,46.59,74.22,9,-6.001,CC121
CC121>VH:WT|CC121>VL:V3Q-CAG;M4L-TTG;E107D-GAT,65.45,21468.71,True,11.97,"[427.0, 524.0, 622.0, 775.0, 662.0, 704.0, 630.0, 652.0, 758.0]","[500.0, 2000.0, 50.0, 2.5, 10.0, 5.0, 1000.0, 100.0, 250.0]","[0.19, 0.18, 0.19, 0.19, 0.25, 0.2, 0.17, 0.18, 0.17]","[-0.17, -0.47, 0.11, -0.07, -0.08, 0.12, -0.35, 0.03, 0.13]",639.33,1.71,39.63,70.93,9,-5.934,CC121
CC121>VH:WT|CC121>VL:WT,57.53,29981.24,True,5.7,"[99.0, 139.0, 157.0, 201.0, 191.0, 159.0, 175.0, 151.0, 179.0]","[500.0, 2000.0, 50.0, 2.5, 10.0, 5.0, 1000.0, 100.0, 250.0]","[0.19, 0.18, 0.19, 0.19, 0.25, 0.2, 0.17, 0.18, 0.17]","[0.49, 0.38, 0.89, 0.75, 0.89, 0.74, 0.57, 0.69, 0.82]",161.22,0.8143,41.2,81.06,9,-6.014,CC121
